
<photorightss>
  <photorights id="royaltyfree" name="Royalty Free"></photorights>
  <photorights id="bothrfandrm" name="Both RF and RM"></photorights>
  <photorights id="allrights" name="All Rights"></photorights>
  <photorights id="unlimitednonexclusive" name="Unlimited, Nonexclusive"></photorights>
  <photorights id="transerable" name="Transferable in Original Design"></photorights>
  <photorights id="limited" name="Limited--see contract"></photorights>
  <photorights id="onetime" name="One Time Rights Only"></photorights>
  <photorights id="publicdomain" name="Public Domain"></photorights>
</photorightss>