
<properties>
  <property id="id" index="true" keyword="true" stored="true" searchtype="asset">Id</property>
  <property id="name" index="true" keyword="true" stored="true" sortable="true" searchtype="asset" defaultoperation="contains">File Name</property>
  <property id="catalogid" catalogid="entermedia" viewtype="list" searchtype="asset" internalfield="true" listid="catalogs">Catalog</property>
  <property id="description" searchtype="asset" defaultoperation="contains">All Fields</property>
  <property id="sourcepath" index="true" stored="true" searchtype="asset" internalfield="true">Source Path</property>
  <property id="category" keyword="true" stored="true" editable="true" type="list" viewtype="category" searchtype="asset" query="assetcategory.assetid = asset.id" listid="category" externalidXXX="assetcategory.categoryid" datatype="list">Categories</property>
  <property id="division" index="true" keyword="true" stored="true" editable="true" type="list" searchtype="asset" datatype="list">Division</property>
  <property id="libraries" index="true" filter="true" stored="true" editable="true" type="list" viewtype="libraries" sort="name" searchtype="asset" regex="name" internalfield="false" listid="library" datatype="list" foreignkeyid="division">Libraries</property>
  <property id="assettype" index="true" filter="true" stored="true" editable="true" sortable="true" type="list" viewtype="list" sort="name" searchtype="asset" datatype="list">Asset Type</property>
  <property id="pushstatus" index="true" stored="true" editable="true" type="list" searchtype="asset" internalfield="true" listid="push/pushstatus" datatype="list">Push Status</property>
  <property id="pushpercentage" index="true" stored="true" searchtype="asset" internalfield="true">Push Percentage</property>
  <property id="pusherrordetails" index="true" stored="true" searchtype="asset" internalfield="true">Push Error Details</property>
  <property id="pusheddate" index="true" stored="true" editable="true" sortable="true" type="date" searchtype="asset" internalfield="true" searchcomponent="datesearch" datatype="date">Pushed Date</property>
  <property id="fulltext" keyword="true" searchtype="asset" internalfield="true">Full Text</property>
  <property id="pages" index="true" stored="true" type="number" viewtype="number" searchtype="asset" datatype="number">Pages</property>
  <property id="assetviews" index="true" stored="true" type="number" viewtype="number" searchtype="asset" internalfield="true" datatype="number">Views</property>
  <property id="assetvotes" index="true" stored="true" type="number" searchtype="asset" internalfield="true" datatype="number">Vote Rank</property>
  <property id="compression" externalid="Compression" index="true" stored="true" type="text" searchtype="asset" datatype="text">Compression</property>
  <property id="artist" externalid="Artist" index="true" stored="true" sortable="true" type="text" searchtype="asset" datatype="text">Artist</property>
  <property id="contributor" externalid="Contributor" index="true" stored="true" sortable="true" type="text" searchtype="asset" datatype="text">Contributor</property>
  <property id="creator" externalid="XMP-dc:Creator,iptc:By-line" index="true" stored="true" editable="true" sortable="true" type="text" searchtype="asset" datatype="text">Author</property>
  <property id="lenstype" externalid="Lens ID" index="true" stored="true" type="text" searchtype="asset" datatype="text">Lens Type</property>
  <property id="focallength" externalid="Focal Length" index="true" stored="true" type="text" searchtype="asset" datatype="text">Focal Length</property>
  <property id="cameramodel" externalid="Camera Model,Camera Model Name" index="true" stored="true" sortable="true" type="text" searchtype="asset" datatype="text">Camera Model</property>
  <property id="iso" externalid="ISO" index="true" stored="true" type="text" searchtype="asset" datatype="text">ISO</property>
  <property id="colorspace" externalid="Color Space,Color Mode" index="true" stored="true" type="list" viewtype="list" searchtype="asset" datatype="list">Color Space</property>
  <property id="colortype" index="true" stored="true" type="list" viewtype="list" searchtype="asset" datatype="list">Color Type</property>
  <property id="shutterspeed" externalid="Shutter Speed" index="true" stored="true" type="text" searchtype="asset" datatype="text">Shutter Speed</property>
  <property id="aperture" externalid="Aperture" index="true" stored="true" searchtype="asset">Aperture</property>
  <property id="length" index="true" stored="true" type="number" viewtype="timelength" searchtype="asset" datatype="number">Length</property>
  <property id="duration" index="true" stored="true" searchtype="asset">Duration Stamp</property>
  <property id="framerate" externalid="VideoFrameRate" index="true" stored="true" type="text" searchtype="asset" datatype="text">Frame rate</property>
  <property id="bitspersample" externalid="Bits Per Sample" index="true" stored="true" type="text" searchtype="asset" datatype="text">Bits Per Sample</property>
  <property id="videocodec" index="true" stored="true" searchtype="asset">Video Codec</property>
  <property id="audiocodec" externalid="Audio Codec Name,Audio Format" index="true" stored="true" searchtype="asset">Audio Codec</property>
  <property id="imageorientation" externalid="Orientation" index="true" stored="true" editable="true" type="list" searchtype="asset" listid="imageorientation" datatype="list">Image Rotation</property>
  <property id="localpath" index="true" stored="true" searchtype="asset" internalfield="true">Local Path</property>
  <property id="fileformat" externalid="File Type" index="true" filter="true" stored="true" editable="true" viewtype="list" searchtype="asset">File Format</property>
  <property id="filesize" externalid="File Size" index="true" stored="true" type="number" viewtype="filesize" searchtype="asset" searchcomponent="numbersearch" datatype="number">File Size</property>
  <property id="width" index="true" stored="true" type="number" searchtype="asset" datatype="number">Width</property>
  <property id="height" index="true" stored="true" type="number" searchtype="asset" datatype="number">Height</property>
  <property id="assetcreationdate" externalid="CreateDate,MediaCreateDate" index="true" stored="true" editable="true" sortable="true" type="date" viewtype="time" searchtype="asset" searchcomponent="datesearch" datatype="date">Created On</property>
  <property id="assetmodificationdate" index="true" stored="true" sortable="true" type="date" viewtype="time" searchtype="asset" searchcomponent="datesearch" datatype="date">Last Modified</property>
  <property id="recordmodificationdate" index="true" stored="true" sortable="true" type="date" searchtype="asset" searchcomponent="datesearch" datatype="date">Record Date</property>
  <property id="assetaddeddate" externalid="Record Creation Date" index="true" stored="true" sortable="true" type="date" viewtype="time" searchtype="asset" searchcomponent="datesearch" datatype="date">Uploaded Date</property>
  <property id="owner" index="true" keyword="true" stored="true" editable="true" sortable="true" viewtype="user" searchtype="asset" listcatalogid="system" listid="user">Owner</property>
  <property id="primaryfile" index="true" stored="true" searchtype="asset" internalfield="true">Primary File Name</property>
  <property id="importstatus" index="true" stored="true" editable="true" type="list" searchtype="asset" listid="asset/importstatus" datatype="list">Import Status</property>
  <property id="previewstatus" index="true" stored="true" editable="true" type="list" viewtype="list" searchtype="asset" listid="asset/previewstatus" datatype="list">Preview Status</property>
  <property id="editstatus" index="true" filter="true" stored="true" editable="true" type="list" searchtype="asset" listid="asset/editstatus" datatype="list">Edit Status</property>
  <property id="assettitle" externalid="XMP-dc:Title,iptc:ObjectName" index="true" keyword="true" stored="true" editable="true" sortable="true" searchtype="asset">Asset Title</property>
  <property id="headline" externalid="iptc:Headline,XMP-photoshop:Headline" index="true" stored="true" editable="true" sortable="true" searchtype="asset">Headline</property>
  <property id="longcaption" externalid="XMP-dc:Description,exif:ImageDescription" index="true" keyword="true" editable="true" searchtype="asset">Description</property>
  <property id="caption" externalid="Caption-Abstract" index="true" keyword="true" stored="true" editable="true" searchtype="asset">Caption</property>
  <property id="keywords" index="true" stored="true" editable="true" viewtype="tageditor" searchtype="asset" defaultoperation="andgroup">Tags</property>
  <property id="extrakeywords" externalid="Keywords" index="true" keyword="true" stored="true" editable="true" searchtype="asset">Extra Keywords</property>
  <property id="purpose" index="true" stored="true" editable="true" type="list" viewtype="list" searchtype="asset" datatype="list">Purpose</property>
  <property id="ethnicity" index="true" stored="true" editable="true" type="list" viewtype="list" searchtype="asset" listchild="ethnicitydetailed" datatype="list">General Ethnicity</property>
  <property id="ethnicitydetailed" index="true" stored="true" editable="true" type="list" viewtype="list" searchtype="asset" datatype="list" foreignkeyid="ethnicity">Specific Ethnicity</property>
  <property id="language" index="true" stored="true" editable="true" type="list" viewtype="list" sort="textUp" searchtype="asset" datatype="list">Language</property>
  <property id="viewpoint" index="true" stored="true" editable="true" type="list" searchtype="asset" datatype="list">Asset Viewpoint</property>
  <property id="region" index="true" stored="true" editable="true" type="list" viewtype="list" searchtype="asset" listchild="country" datatype="list">Region</property>
  <property id="country" index="true" stored="true" editable="true" type="list" viewtype="list" searchtype="asset" listchild="state" datatype="list" foreignkeyid="region">Country</property>
  <property id="state" index="true" stored="true" editable="true" type="list" viewtype="list" searchtype="asset" datatype="list" foreignkeyid="country">State</property>
  <property id="copyrightnotice" externalid="XMP-dc:Rights,iptc:CopyrightNotice,exif:Copyright" index="true" stored="true" editable="true" searchtype="asset">Copyright Notice</property>
  <property id="rightsusageterms" externalid="XMP-xmpRights:UsageTerms," index="true" stored="true" editable="true" searchtype="asset">Rights Usage Terms</property>
  <property id="instructions" externalid="XMP-photoshop:Instructions,iptc:SpecialInstructions" index="true" stored="true" editable="true" searchtype="asset">Instructions</property>
  <property id="publisheds3" index="true" stored="true" editable="true" sortable="true" type="boolean" searchtype="asset" internalfield="true" datatype="boolean">Published S3</property>
  <property id="position" externalid="GPS Latitude,GPS Longitude" index="true" stored="true" type="position" viewtype="map" searchtype="asset" internalfield="true" searchcomponent="locationsearch" datatype="position">Position</property>
  <property id="viewasset" searchtype="asset" internalfield="true">Readable</property>
  <property id="editasset" searchtype="asset" internalfield="true">Writable</property>
  <property id="editgroups" index="true" stored="true" editable="true" viewtype="multiselect" searchtype="asset" internalfield="true" listcatalogid="system" listid="group">Edit Groups</property>
  <property id="ocrtext" index="true" keyword="true" editable="true" searchtype="asset" internalfield="false" defaultoperation="contains">OCR Text</property>
  <property id="ocrcomplete" index="true" stored="true" sortable="true" type="boolean" searchtype="asset" datatype="boolean">OCR has been completed</property>
  <property id="assetname" index="true" stored="true" editable="true" searchtype="asset" internalfield="false">Asset Name</property>
  <property id="branding" index="true" stored="true" editable="true" searchtype="asset" internalfield="false">Branding</property>
  <property id="copyrightyear" index="true" stored="true" editable="true" searchtype="asset" internalfield="false">Copyright Year</property>
  <property id="dependencies" index="true" stored="true" editable="true" searchtype="asset" internalfield="false">Dependencies</property>
  <property id="grade" index="true" stored="true" editable="true" searchtype="asset" internalfield="false">Grade</property>
  <property id="isbn" index="true" stored="true" editable="true" searchtype="asset" internalfield="false">ISBN</property>
  <property id="jobnumber" index="true" stored="true" editable="true" searchtype="asset" internalfield="false">Job Number</property>
  <property id="level" index="true" stored="true" editable="true" searchtype="asset" internalfield="false">Level</property>
  <property id="notes" index="true" stored="true" editable="true" searchtype="asset" internalfield="false">Notes</property>
  <property id="vendoreditor" index="true" stored="true" editable="true" searchtype="asset" internalfield="false">Vendor/Editor/Production Company</property>
  <property id="versionnumber" index="true" stored="true" editable="true" searchtype="asset" internalfield="false">Version Number</property>
  <property id="tk" index="true" stored="true" editable="true" searchtype="asset" internalfield="false">TK</property>
  <property id="photorights" index="true" stored="true" editable="true" type="list" viewtype="multiselect" searchtype="asset" internalfield="false" datatype="list">Photo Rights</property>
  <property id="photorightsnotes" index="true" stored="true" editable="true" searchtype="asset">Photo Rights Notes</property>
  <property id="copyrightstatus" index="true" stored="true" editable="true" searchtype="asset">Copyright Status</property>
  <property id="programfolder" index="true" stored="true" editable="true" type="list" searchtype="asset" internalfield="false" listid="program" datatype="list">Program</property>
  <property id="projectfolder" index="true" stored="true" editable="true" type="list" sort="name" searchtype="asset" regex="name" internalfield="false" listid="project" datatype="list" foreignkeyid="program">Project</property>
  <property id="libraryfolder" index="true" stored="true" editable="true" type="list" viewtype="list" sort="name" searchtype="asset" regex="name" internalfield="false" listid="library" datatype="list" foreignkeyid="project">Library</property>
  <property id="packagefolder" index="true" stored="true" editable="true" type="list" sort="name" searchtype="asset" regex="name" internalfield="false" listid="package" datatype="list" foreignkeyid="library">Package</property>
</properties>