
<properties prefix="library" beanname="dataSearcher">
  <property id="id" index="true" stored="true" searchtype="library" internalfield="false">Id</property>
  <property id="name" index="true" stored="true" editable="true" sortable="true" searchtype="library" internalfield="false">Library Name</property>
  <property id="description" searchtype="library">Description</property>
  <property id="folder" index="true" stored="true" editable="true" searchtype="library" note="Relative Folder hotfolder/sub1/song123">Hot Folder Path</property>
  <property id="giturl" index="true" stored="true" editable="true" searchtype="library" note="ssh://servername/vol1/git/song123.git">Git URL</property>
  <property id="duedate" index="true" stored="true" editable="true" sortable="true" type="date" viewtype="date" searchtype="library" internalfield="false" datatype="date">Start Date</property>
  <property id="librarytype" index="true" stored="true" editable="true" searchtype="library">Library Type</property>
  <property id="notes" index="true" stored="true" editable="true" searchtype="library">Notes</property>
  <property id="grade" index="true" stored="true" editable="true" type="list" viewtype="multiselect" searchtype="library" internalfield="false" datatype="list">Target Grades</property>
  <property id="internalcontact" index="true" stored="true" editable="true" viewtype="user" searchtype="library" internalfield="false" listcatalogid="system" listid="user">Internal Contact</property>
  <property id="externalcontact" index="true" stored="true" editable="true" type="list" viewtype="autocomplete" searchtype="library" internalfield="false" listid="contact" datatype="list">External Contact</property>
  <property id="jobnumber" index="true" stored="true" editable="true" searchtype="library">Job Number</property>
  <property id="project" index="true" stored="true" editable="true" type="list" viewtype="autocomplete" searchtype="library" internalfield="false" datatype="list">Project</property>
  <property id="tags" index="true" stored="true" editable="true" viewtype="tageditor" searchtype="library" internalfield="false">Tags</property>
  <property id="thumbnail" index="true" stored="true" editable="true" type="list" viewtype="asset" searchtype="library" internalfield="false" listid="asset" datatype="list">Thumbnail</property>
</properties>