
<properties prefix="rfp" beanname="dataSearcher">
  <property id="id" index="true" stored="true" editable="true" searchtype="rfp" internalfield="false">Id</property>
  <property id="name" index="true" stored="true" editable="true" searchtype="rfp">Name</property>
  <property id="sourcepath" searchtype="rfp">SourcePath</property>
  <property id="description" index="true" stored="true" editable="true" viewtype="text" searchtype="rfp" internalfield="false">Description</property>
  <property id="rfpdatesent" index="true" stored="true" editable="true" sortable="true" type="date" viewtype="date" searchtype="rfp" internalfield="false" datatype="date">RFPDateSent</property>
  <property id="rfpdatedue" index="true" stored="true" editable="true" sortable="true" type="date" viewtype="date" searchtype="rfp" internalfield="false" datatype="date">RFPDateDue</property>
</properties>