
<properties>
  <property id="id" index="true" keyword="true" stored="true" searchtype="userprofile" internalfield="true">ID</property>
  <property id="userid" index="true" stored="true" searchtype="userprofile" internalfield="true">User Id</property>
  <property id="settingsgroup" index="true" stored="true" editable="true" type="list" searchtype="userprofile" datatype="list">Role</property>
  <property id="view_asset_resultstable" index="true" stored="true" searchtype="userprofile" internalfield="true">View Table Results</property>
  <property id="profilesearchfilters" index="true" stored="true" searchtype="userprofile" internalfield="true">Filters Used By Search</property>
  <property id="hideassettype" index="true" stored="true" searchtype="userprofile" internalfield="true">Hide Asset Types</property>
  <property id="maximize_screen" index="true" stored="true" searchtype="userprofile" internalfield="true">Maximize</property>
  <property id="sourcepath" index="true" stored="true" searchtype="userprofile" internalfield="true">Source Path</property>
  <property id="last_selected_module" index="true" stored="true" searchtype="userprofile" internalfield="true">Last Selected Module</property>
  <property id="last_selected_library" index="true" stored="true" searchtype="userprofile" internalfield="true">Last Selected Library</property>
  <property id="maximize_player" index="true" stored="true" searchtype="userprofile" internalfield="true">false</property>
  <property id="expand_media_sidebar" index="true" stored="true" searchtype="userprofile" internalfield="true">true</property>
  <property id="assethitsperpage" index="true" stored="true" editable="true" type="list" searchtype="userprofile" listid="hitcount" datatype="list">Number of Assets to view per page</property>
  <property id="modulehitsperpage" index="true" stored="true" editable="true" type="list" searchtype="userprofile" listid="hitcount" datatype="list">Number of rows show on Module results</property>
  <property id="phone" index="true" keyword="true" stored="true" editable="true" searchtype="userprofile">Phone</property>
  <property id="business" index="true" keyword="true" stored="true" editable="true" searchtype="userprofile">Business / Affiliation Name</property>
  <property id="jobtitle" index="true" keyword="true" stored="true" editable="true" searchtype="userprofile">Job Title</property>
  <property id="country" index="true" keyword="true" stored="true" editable="true" searchtype="userprofile">Country</property>
  <property id="address1" index="true" keyword="true" stored="true" editable="true" searchtype="userprofile">Address 1</property>
  <property id="address2" index="true" keyword="true" stored="true" editable="true" searchtype="userprofile">Address 2</property>
  <property id="city" index="true" keyword="true" stored="true" editable="true" searchtype="userprofile">City</property>
  <property id="state_province" index="true" keyword="true" stored="true" editable="true" searchtype="userprofile">State / Province</property>
  <property id="postal_code" index="true" keyword="true" stored="true" editable="true" searchtype="userprofile">Postal Code</property>
  <property id="screenname" index="true" keyword="true" stored="true" editable="true" searchtype="userprofile">Screen Name</property>
  <property id="firstName" index="true" keyword="true" stored="true" editable="true" searchtype="userprofile" required="true">First Name</property>
  <property id="lastName" index="true" keyword="true" stored="true" editable="true" searchtype="userprofile" required="true">Last Name</property>
  <property id="enabled" index="true" keyword="true" stored="true" editable="true" sortable="true" type="boolean" searchtype="userprofile" datatype="boolean">Enabled</property>
  <property id="password" index="true" keyword="true" stored="true" editable="true" viewtype="password" searchtype="userprofile">Password</property>
  <property id="firstname" index="true" stored="true" editable="true">firstName</property>
  <property id="lastname" index="true" stored="true" editable="true">lastName</property>
</properties>